ROWS,1,2,3,4,5,6,7,8,9,10,11,12,13,14,15,16,17,18,19,20,21,22,23,24,25,26,27,28,29,30,31,32,33,34,35,36,37,38,39,40,41,42,43,44,45,46,47,48,49,50,51,52,53,54,55,56,57,58,59,60,61,62,63,64,65,66,67,68,69,70,71,72,73,74,75,76,77,78,79,80,81,82,83,84,85,86,87,88,89,90,91,92,93,94,95,96,97,98,99,100
tlm01,0.052892,0.04618,0.042845,0.042997,0.045029,0.049445,0.048801,0.051168,0.053377,0.055159,0.058015,0.058033,0.061491,0.060942,0.065017,0.066305,0.065457,0.065206,0.06529,0.064053,0.066712,0.064787,0.062526,0.060979,0.05961,0.056968,0.051222,0.046716,0.046193,0.046148,0.042757,0.04153,0.041867,0.042108,0.043065,0.041591,0.040958,0.040757,0.039843,0.041871,0.042414,0.043678,0.043932,0.045577,0.053191,0.08082,0.149626,0.27024,0.424773,0.548422,0.554173,0.453812,0.324482,0.195968,0.132109,0.120951,0.126456,0.112836,0.090822,0.071965,0.055036,0.047812,0.042155,0.041183,0.039863,0.038965,0.040036,0.040625,0.04561,0.055384,0.077137,0.122714,0.169268,0.2264,0.247956,0.256516,0.267139,0.281359,0.321004,0.424518,0.514553,0.612127,0.631524,0.573467,0.504519,0.40291,0.318801,0.247916,0.200189,0.139208,0.094192,0.071805,0.05466,0.044954,0.040471,0.041913,0.042607,0.04334,0.042791,0.03936
segment-1,0.04411,0.04411,0.04411,0.04411,0.04411,0.04411,0.04411,0.04411,0.04411,0.04411,0.04411,0.04411,0.04411,0.04411,0.04411,0.04411,0.04411,0.04411,0.04411,0.04411,0.04411,0.04411,0.04411,0.04411,0.04411,0.04411,0.04411,0.04411,0.04411,0.04411,0.04413,0.04422,0.04445,0.04452,0.04477,0.04498,0.04543,0.04574,0.04694,0.04694,0.04743,0.04797,0.05118,0.05538,0.07924,0.16828,0.29446,0.35896,0.43671,0.4559,0.46072,0.50468,0.33433,0.0513,0.04425,0.04411,0.04411,0.04411,0.04411,0.04411,0.04411,0.04411,0.04411,0.04411,0.04411,0.04411,0.04411,0.04411,0.04411,0.04411,0.04411,0.04411,0.04412,0.04425,0.04657,0.06184,0.14083,0.22563,0.35153,0.42124,0.52183,0.59899,0.60936,0.63152,0.57907,0.45691,0.31938,0.23897,0.22669,0.17582,0.15389,0.10538,0.09348,0.08316,0.07458,0.06882,0.06028,0.06443,0.07148,0.04995
segment-2,0.00333,0.00333,0.00333,0.00333,0.00333,0.00333,0.00333,0.00333,0.00333,0.00333,0.00333,0.00333,0.00333,0.00333,0.00333,0.00333,0.00333,0.00333,0.00333,0.00333,0.00333,0.00333,0.00333,0.00333,0.00333,0.00333,0.00333,0.00333,0.00333,0.00333,0.00333,0.00333,0.00333,0.00333,0.00333,0.00333,0.00333,0.00333,0.00333,0.00333,0.00333,0.00333,0.00333,0.00333,0.00339,0.00387,0.00573,0.03766,0.04917,0.0926,0.10683,0.13256,0.14583,0.15293,0.16957,0.17718,0.14298,0.10179,0.05574,0.01015,0.00468,0.00392,0.0037,0.00336,0.00334,0.00334,0.00334,0.00335,0.00341,0.00409,0.00965,0.04259,0.12067,0.20901,0.24796,0.21993,0.14626,0.09875,0.04152,0.016,0.00831,0.00519,0.00434,0.00396,0.00368,0.00349,0.00341,0.00338,0.00337,0.00336,0.00336,0.00335,0.00336,0.00337,0.00337,0.00337,0.00336,0.00336,0.00337,0.00334
sum,0.04744,0.04744,0.04744,0.04744,0.04744,0.04744,0.04744,0.04744,0.04744,0.04744,0.04744,0.04744,0.04744,0.04744,0.04744,0.04744,0.04744,0.04744,0.04744,0.04744,0.04744,0.04744,0.04744,0.04744,0.04744,0.04744,0.04744,0.04744,0.04744,0.04744,0.04746,0.04755,0.04778,0.04785,0.0481,0.04831,0.04876,0.04907,0.05027,0.05027,0.05076,0.0513,0.05451,0.05871,0.08263,0.17215,0.30019,0.39662,0.48588,0.5485,0.56755,0.63724,0.48016,0.20423,0.21382,0.22129,0.18709,0.1459,0.09985,0.05426,0.04879,0.04803,0.04781,0.04747,0.04745,0.04745,0.04745,0.04746,0.04752,0.0482,0.05376,0.0867,0.16479,0.25326,0.29453,0.28177,0.28709,0.32438,0.39305,0.43724,0.53014,0.60418,0.6137,0.63548,0.58275,0.4604,0.32279,0.24235,0.23006,0.17918,0.15725,0.10873,0.09684,0.08653,0.07795,0.07219,0.06364,0.06779,0.07485,0.05329
model,0.0470144663862909,0.0470144663862909,0.0470144663862909,0.0470144663862909,0.0470144663862909,0.0470144663862909,0.0470144663862909,0.0470144663862909,0.0470144663862909,0.0470144663862909,0.0470144663862909,0.0470144663862909,0.0470144663862909,0.0470144663862909,0.0470144663862909,0.0470144663862909,0.0470144663862909,0.0470144663862909,0.0470144663862909,0.0470144663862909,0.0470144663862909,0.0470144663862909,0.0470144663862909,0.0470144663862909,0.0470144663862909,0.0470144663862909,0.0470144663862909,0.0470144663862909,0.0470144663862909,0.0470144663862909,0.0470342869876342,0.047123479693679,0.0473514166091269,0.0474207887138284,0.0476685462306195,0.0478766625447241,0.0483226260749482,0.0486298453957692,0.0498190814763668,0.0498190814763668,0.0503046862092775,0.0508398424455464,0.0540210489611449,0.0581833752432364,0.0818888144498148,0.170605826062394,0.297497315862156,0.393062345238842,0.481521689033959,0.543579991839809,0.562459114619296,0.631524,0.475852997049777,0.202398070617036,0.211902048961145,0.219305043562865,0.185411815265834,0.144591286799322,0.09895435220639,0.0537732914443538,0.0483523569769631,0.047599174125918,0.0473811475111418,0.0470441972883058,0.0470243766869625,0.0470243766869625,0.0470243766869625,0.0470342869876342,0.0470937487916641,0.047767649237336,0.0532777764107714,0.0859223068231749,0.163311844768062,0.250988274810119,0.291888085682004,0.279242542024983,0.284514821982299,0.321470333186868,0.389524367899065,0.43331798656707,0.525384679806666,0.598760545979537,0.608195152218944,0.62977978708179,0.577522771640198,0.456270242922604,0.319894595380077,0.240176136777352,0.227996377251899,0.177572767434562,0.155839478061641,0.107754699202812,0.0959713517042245,0.0857538317117569,0.0772507937354843,0.0715424605486159,0.0630691534743582,0.0671819282530915,0.0741786005272739,0.0528119922792041
tlm02,0.036714,0.031643,0.028022,0.024793,0.025139,0.025682,0.029199,0.035476,0.04214,0.042758,0.040873,0.039073,0.043556,0.044565,0.040975,0.040671,0.040738,0.043069,0.044075,0.044453,0.045093,0.045514,0.047009,0.045652,0.042817,0.038534,0.034585,0.029669,0.024605,0.021324,0.018396,0.018455,0.016873,0.014192,0.01371,0.013361,0.015938,0.015642,0.012492,0.013495,0.014334,0.014454,0.014821,0.016073,0.017845,0.024326,0.033839,0.047664,0.079191,0.130249,0.159123,0.174148,0.179524,0.162511,0.208902,0.282684,0.321392,0.323413,0.286043,0.210496,0.148166,0.108406,0.075842,0.051221,0.041716,0.034564,0.031934,0.035193,0.047934,0.090552,0.152722,0.277824,0.403136,0.545134,0.641876,0.650502,0.642647,0.544266,0.479568,0.386877,0.336773,0.285993,0.249527,0.224867,0.196009,0.159598,0.134199,0.104562,0.083621,0.071972,0.058693,0.049776,0.043525,0.039959,0.040304,0.041156,0.042912,0.045804,0.050524,0.052002
segment-1,0.00047,0.00047,0.00047,0.00047,0.00047,0.00047,0.00047,0.00047,0.00047,0.00047,0.00047,0.00047,0.00047,0.00047,0.00047,0.00047,0.00047,0.00047,0.00047,0.00047,0.00047,0.00047,0.00047,0.00047,0.00047,0.00047,0.00047,0.00047,0.00047,0.00047,0.00047,0.00047,0.00047,0.00048,0.00048,0.00049,0.00049,0.00051,0.00051,0.00052,0.00055,0.00074,0.0014,0.00526,0.01744,0.02593,0.02657,0.03605,0.03215,0.03494,0.03642,0.04411,0.04867,0.04269,0.00626,0.00063,0.00047,0.00047,0.00047,0.00047,0.00047,0.00047,0.00047,0.00047,0.00047,0.00047,0.00047,0.00047,0.00047,0.00047,0.00047,0.00047,0.00049,0.00106,0.01359,0.06104,0.12935,0.16442,0.17542,0.17952,0.17774,0.17536,0.17568,0.17627,0.17023,0.15239,0.13105,0.10077,0.08325,0.05126,0.03948,0.01854,0.01354,0.00968,0.00679,0.00508,0.00288,0.00349,0.00429,0.00088
segment-2,0.00453,0.00453,0.00453,0.00453,0.00453,0.00453,0.00453,0.00453,0.00453,0.00453,0.00453,0.00453,0.00453,0.00453,0.00453,0.00453,0.00453,0.00453,0.00453,0.00453,0.00453,0.00453,0.00453,0.00453,0.00453,0.00453,0.00453,0.00453,0.00453,0.00453,0.00453,0.00453,0.00453,0.00453,0.00453,0.00453,0.00453,0.00453,0.00453,0.00453,0.00454,0.00457,0.00469,0.00521,0.01059,0.02907,0.05367,0.16298,0.16301,0.21147,0.23056,0.28264,0.31088,0.32519,0.36235,0.37976,0.32518,0.33582,0.35896,0.2297,0.13744,0.10377,0.09097,0.02862,0.01718,0.01265,0.0123,0.01236,0.023,0.071,0.19048,0.35572,0.49056,0.59374,0.6505,0.61215,0.5277,0.48782,0.37188,0.26277,0.18726,0.1206,0.09096,0.07077,0.04838,0.02837,0.01919,0.01357,0.01187,0.00917,0.00876,0.00759,0.00761,0.00737,0.00686,0.00672,0.0058,0.00575,0.00572,0.00474
sum,0.005,0.005,0.005,0.005,0.005,0.005,0.005,0.005,0.005,0.005,0.005,0.005,0.005,0.005,0.005,0.005,0.005,0.005,0.005,0.005,0.005,0.005,0.005,0.005,0.005,0.005,0.005,0.005,0.005,0.005,0.005,0.005,0.005,0.00501,0.00501,0.00502,0.00502,0.00504,0.00504,0.00505,0.00509,0.00531,0.00609,0.01047,0.02803,0.055,0.08024,0.19903,0.19516,0.24641,0.26698,0.32675,0.35955,0.36788,0.36861,0.38039,0.32565,0.33629,0.35943,0.23017,0.13791,0.10424,0.09144,0.02909,0.01765,0.01312,0.01277,0.01283,0.02347,0.07147,0.19095,0.35619,0.49105,0.5948,0.66409,0.67319,0.65705,0.65224,0.5473,0.44229,0.365,0.29596,0.26664,0.24704,0.21861,0.18076,0.15024,0.11434,0.09512,0.06043,0.04824,0.02613,0.02115,0.01705,0.01365,0.0118,0.00868,0.00924,0.01001,0.00562
model,0.00483148888129651,0.00483148888129651,0.00483148888129651,0.00483148888129651,0.00483148888129651,0.00483148888129651,0.00483148888129651,0.00483148888129651,0.00483148888129651,0.00483148888129651,0.00483148888129651,0.00483148888129651,0.00483148888129651,0.00483148888129651,0.00483148888129651,0.00483148888129651,0.00483148888129651,0.00483148888129651,0.00483148888129651,0.00483148888129651,0.00483148888129651,0.00483148888129651,0.00483148888129651,0.00483148888129651,0.00483148888129651,0.00483148888129651,0.00483148888129651,0.00483148888129651,0.00483148888129651,0.00483148888129651,0.00483148888129651,0.00483148888129651,0.00483148888129651,0.00484115185905911,0.00484115185905911,0.0048508148368217,0.0048508148368217,0.00487014079234689,0.00487014079234689,0.00487980377010948,0.00491845568115985,0.0051310411919369,0.00588475345741915,0.0101171377174349,0.0270853266685483,0.0531463776942617,0.0775357335670465,0.192322246408889,0.188582674014766,0.238105435048055,0.257982180305709,0.315737798392727,0.347432365454032,0.355481625930272,0.356187023306942,0.367570011111276,0.314674870838842,0.324956279178241,0.347316409720881,0.222412759161604,0.13326212632392,0.10072688019727,0.0883582686611507,0.0281096023113831,0.0170551557509767,0.0126778268245221,0.0123396226028313,0.0123976004694069,0.0226790088088058,0.0690613020692524,0.184514560376714,0.344185604925801,0.474500523032131,0.574753917319033,0.64170869023604,0.650502,0.634905953891175,0.630258061587368,0.528854772946716,0.427383843461727,0.352698688334646,0.285985489861703,0.257653639061781,0.238714202647098,0.211242356868046,0.174667986036632,0.145176577905198,0.110486487737489,0.0919142444777849,0.0583933746193497,0.0466142047267488,0.0252493608936556,0.0204371979678843,0.0164753770852211,0.0131899646459395,0.0114023137598598,0.00838746469793075,0.00892859145263596,0.00967264074035562,0.00543059350257728
tlm03,0.017879,0.017441,0.018577,0.019833,0.021066,0.021585,0.024632,0.02273,0.023419,0.023548,0.026866,0.029402,0.030141,0.02895,0.029674,0.028416,0.027795,0.031086,0.031868,0.031933,0.035052,0.036434,0.036163,0.033708,0.033079,0.032222,0.030395,0.029555,0.02893,0.027842,0.026157,0.026401,0.025856,0.029085,0.031743,0.032208,0.032584,0.031916,0.029134,0.028906,0.027922,0.029203,0.033296,0.040447,0.049443,0.068122,0.109715,0.199002,0.308851,0.399715,0.406082,0.346631,0.248174,0.168963,0.122688,0.103734,0.092486,0.075464,0.055491,0.04938,0.042454,0.036344,0.032416,0.029557,0.028327,0.02659,0.024123,0.025582,0.026993,0.030389,0.040221,0.070115,0.106236,0.14765,0.150914,0.137215,0.120423,0.111622,0.137042,0.214889,0.337402,0.439155,0.529381,0.573367,0.551674,0.464516,0.406051,0.328631,0.268494,0.194579,0.136235,0.093945,0.066027,0.044947,0.038404,0.035257,0.030777,0.026771,0.026626,0.028061
segment-1,0.01689,0.01689,0.01689,0.01689,0.01689,0.01689,0.01689,0.01689,0.01689,0.01689,0.01689,0.01689,0.01689,0.01689,0.01689,0.01689,0.01689,0.01689,0.01689,0.01689,0.01689,0.01689,0.01689,0.01689,0.01689,0.01689,0.01689,0.01689,0.0169,0.01693,0.01702,0.01727,0.01734,0.01764,0.0179,0.01845,0.01882,0.02016,0.02017,0.02068,0.0215,0.02554,0.03495,0.08255,0.19012,0.25256,0.25957,0.32295,0.34821,0.3557,0.36333,0.30805,0.16211,0.06096,0.01782,0.01692,0.01689,0.01689,0.01689,0.01689,0.01689,0.01689,0.01689,0.01689,0.01689,0.01689,0.01689,0.01689,0.01689,0.01689,0.01689,0.01689,0.0169,0.01694,0.01741,0.02046,0.03949,0.10133,0.23228,0.33425,0.3908,0.45399,0.48588,0.57337,0.56808,0.50719,0.41244,0.3269,0.3024,0.21776,0.18343,0.10541,0.08236,0.06419,0.05026,0.04138,0.03068,0.03392,0.03857,0.02053
segment-2,0.00985,0.00985,0.00985,0.00985,0.00985,0.00985,0.00985,0.00985,0.00985,0.00985,0.00985,0.00985,0.00985,0.00985,0.00985,0.00985,0.00985,0.00985,0.00985,0.00985,0.00985,0.00985,0.00985,0.00985,0.00985,0.00985,0.00985,0.00985,0.00985,0.00985,0.00985,0.00985,0.00985,0.00985,0.00985,0.00985,0.00985,0.00985,0.00985,0.00985,0.00985,0.00988,0.00995,0.01021,0.01241,0.01944,0.02839,0.07014,0.07276,0.09644,0.10311,0.12031,0.12739,0.12886,0.14001,0.14377,0.12619,0.11504,0.10643,0.05681,0.03106,0.02624,0.02463,0.01161,0.01065,0.01033,0.01028,0.01029,0.01089,0.01363,0.02256,0.04493,0.07921,0.12153,0.14765,0.13797,0.10981,0.10286,0.0767,0.05399,0.04122,0.03026,0.02629,0.0238,0.02117,0.01824,0.01684,0.01539,0.01497,0.01366,0.01363,0.01298,0.01306,0.01287,0.01241,0.01227,0.01136,0.01125,0.01113,0.01017
sum,0.02674,0.02674,0.02674,0.02674,0.02674,0.02674,0.02674,0.02674,0.02674,0.02674,0.02674,0.02674,0.02674,0.02674,0.02674,0.02674,0.02674,0.02674,0.02674,0.02674,0.02674,0.02674,0.02674,0.02674,0.02674,0.02674,0.02674,0.02674,0.02675,0.02678,0.02687,0.02712,0.02719,0.02749,0.02775,0.0283,0.02867,0.03001,0.03002,0.03053,0.03135,0.03542,0.0449,0.09276,0.20253,0.272,0.28796,0.39309,0.42097,0.45214,0.46644,0.42836,0.2895,0.18982,0.15783,0.16069,0.14308,0.13193,0.12332,0.0737,0.04795,0.04313,0.04152,0.0285,0.02754,0.02722,0.02717,0.02718,0.02778,0.03052,0.03945,0.06182,0.09611,0.13847,0.16506,0.15843,0.1493,0.20419,0.30898,0.38824,0.43202,0.48425,0.51217,0.59717,0.58925,0.52543,0.42928,0.34229,0.31737,0.23142,0.19706,0.11839,0.09542,0.07706,0.06267,0.05365,0.04204,0.04517,0.0497,0.0307
model,0.0256741523854179,0.0256741523854179,0.0256741523854179,0.0256741523854179,0.0256741523854179,0.0256741523854179,0.0256741523854179,0.0256741523854179,0.0256741523854179,0.0256741523854179,0.0256741523854179,0.0256741523854179,0.0256741523854179,0.0256741523854179,0.0256741523854179,0.0256741523854179,0.0256741523854179,0.0256741523854179,0.0256741523854179,0.0256741523854179,0.0256741523854179,0.0256741523854179,0.0256741523854179,0.0256741523854179,0.0256741523854179,0.0256741523854179,0.0256741523854179,0.0256741523854179,0.0256837537887034,0.0257125579985599,0.0257989706281293,0.0260390057102668,0.0261062155332652,0.0263942576318301,0.026643894117253,0.0271719712979553,0.0275272232195187,0.0288138112597753,0.0288234126630608,0.0293130842306211,0.0301003993000318,0.0340081704372289,0.0431103007518797,0.0890626168762664,0.194457220741162,0.261158169365507,0.27648200900916,0.377421561749585,0.40419027410955,0.434117848150443,0.447847854848703,0.411285711137532,0.277960625115126,0.182253837165296,0.151538948054993,0.154284949394645,0.137376878208885,0.126671313545556,0.118404505316744,0.0707623422141099,0.0460387287539561,0.0414108523703468,0.0398650264413818,0.0273639993636653,0.0264422646482576,0.0261350197431217,0.0260870127266942,0.0260966141299797,0.0266726983271095,0.0293034828273356,0.037877535961284,0.0593558751109399,0.0922790869769077,0.132950631294271,0.158480762630407,0.152115032252122,0.143348951052464,0.196051053686555,0.296664158715274,0.37276488115612,0.414799824740024,0.464947954100172,0.491755072073279,0.573367,0.565762688597887,0.504486532829847,0.412169040239798,0.328646433059263,0.304719736071805,0.222195674832962,0.189205253143996,0.113671013496994,0.0916165901502085,0.0739884137180367,0.0601719943902071,0.0515115286266892,0.0403642994122277,0.0433695386405881,0.047718974328918,0.0294763080864745
tlm04,0.023216,0.024575,0.022188,0.02254,0.023138,0.025467,0.027675,0.030142,0.032666,0.033655,0.037907,0.039572,0.039852,0.037602,0.037973,0.040179,0.040249,0.037328,0.038482,0.037381,0.039665,0.038838,0.037138,0.038113,0.033491,0.030648,0.025064,0.025352,0.022622,0.020677,0.017893,0.017264,0.01736,0.017829,0.017058,0.016676,0.017552,0.017112,0.015862,0.015092,0.013419,0.014669,0.016985,0.018861,0.021229,0.02711,0.044044,0.085033,0.142481,0.202739,0.208792,0.182628,0.138051,0.108889,0.132371,0.201207,0.274385,0.292256,0.235907,0.154965,0.099451,0.068757,0.049616,0.03993,0.035947,0.033777,0.034312,0.037178,0.044227,0.07609,0.145547,0.279818,0.401169,0.509671,0.518318,0.44503,0.385178,0.265417,0.238801,0.288246,0.368097,0.427637,0.431061,0.399319,0.353068,0.290164,0.221039,0.142914,0.104211,0.070855,0.052966,0.040395,0.031145,0.026561,0.023895,0.024116,0.020501,0.019716,0.021494,0.020621
segment-1,0.00294815,0.00294815,0.00294815,0.00294816,0.00294816,0.00294816,0.00294816,0.00294816,0.00294816,0.00294815,0.00294815,0.00294815,0.00294815,0.00294815,0.00294815,0.00294815,0.00294815,0.00294815,0.00294815,0.00294815,0.00294815,0.00294817,0.00294815,0.00294815,0.00294815,0.00294815,0.00294827,0.00294823,0.00294863,0.00295468,0.00297473,0.0030205,0.00303414,0.00308283,0.00312129,0.00320334,0.00325821,0.00349202,0.00350039,0.00363925,0.00400329,0.00400329,0.00604618,0.0110474,0.038248,0.126895,0.221532,0.24523,0.412232,0.425058,0.525058,0.588176,0.385022,0.0137212,0.00309266,0.00295129,0.00294829,0.00294818,0.00294816,0.00294816,0.00294815,0.00294815,0.00294815,0.00294815,0.00294815,0.00294815,0.00294815,0.00294815,0.00294815,0.00294815,0.00294815,0.00294816,0.00294817,0.00294817,0.00294827,0.0029494,0.00298606,0.0044737,0.0205402,0.13658,0.410897,0.695208,0.867931,0.903206,0.69899,0.60936,0.57907,0.45691,0.31938,0.23897,0.22669,0.17582,0.15389,0.10538,0.09348,0.08316,0.07458,0.06882,0.06028,0.06443
segment-2,0.00046473075,0.00046473075,0.00046473075,0.00046473075,0.0004647321,0.00046473075,0.00046473075,0.00046473075,0.00046473075,0.00046473075,0.00046473075,0.00046473075,0.00046473075,0.00046473075,0.00046473075,0.00046473075,0.00046473075,0.00046473075,0.00046473075,0.00046473075,0.00046473075,0.00046473075,0.00046473075,0.00046473075,0.00046473075,0.00046473075,0.00046473075,0.00046473075,0.00046473075,0.00046473075,0.00046473075,0.00046473075,0.00046473075,0.00046473075,0.00046473075,0.00046473075,0.0004647321,0.00046473345,0.00046473345,0.0004647348,0.0004647375,0.00046475235,0.0004647753,0.0004648401,0.0004652127,0.0004661712,0.0004661712,0.00046771695,0.0005001102,0.00051344955,0.0011126592,0.006260625,0.13357035,0.25244865,0.35672535,0.4471281,0.495342,0.3136401,0.17831205,0.020947275,0.0062717085,0.0048607965,0.0061632225,0.00050289795,0.00049942845,0.0005080239,0.00053639415,0.0005922801,0.0008563644,0.0039205485,0.04670649,0.2767581,0.51609285,0.61324695,0.6385284,0.63138825,0.61522605,0.6008661,0.5203764,0.33573555,0.14772105,0.03694356,0.0114237945,0.0039267315,0.00105732405,0.00052832655,0.0004715334,0.0004655448,0.0004649886,0.00046477935,0.0004647591,0.00046473615,0.0004647348,0.0004647348,0.00046473615,0.0004647348,0.0004647402,0.0004647672,0.0004650237,0.0004648104
sum,0.00341288075,0.00341288075,0.00341288075,0.00341289075,0.0034128921,0.00341289075,0.00341289075,0.00341289075,0.00341289075,0.00341288075,0.00341288075,0.00341288075,0.00341288075,0.00341288075,0.00341288075,0.00341288075,0.00341288075,0.00341288075,0.00341288075,0.00341288075,0.00341288075,0.00341290075,0.00341288075,0.00341288075,0.00341288075,0.00341288075,0.00341300075,0.00341296075,0.00341336075,0.00341941075,0.00343946075,0.00348523075,0.00349887075,0.00354756075,0.00358602075,0.00366807075,0.0037229421,0.00395675345,0.00396512345,0.0041039848,0.0044680275,0.00446804235,0.0065109553,0.0115122401,0.0387132127,0.1273611712,0.2219981712,0.24569771695,0.4127321102,0.42557144955,0.5261706592,0.594436625,0.51859235,0.26616985,0.35981801,0.45007939,0.49829029,0.31658828,0.18126021,0.023895435,0.0092198585,0.0078089465,0.0091113725,0.00345104795,0.00344757845,0.0034561739,0.00348454415,0.0035404301,0.0038045144,0.0068686985,0.04965464,0.27970626,0.51904102,0.61619512,0.64147667,0.63433765,0.61821211,0.6053398,0.5409166,0.47231555,0.55861805,0.73215156,0.8793547945,0.9071327315,0.70004732405,0.60988832655,0.5795415334,0.4573755448,0.3198449886,0.23943477935,0.2271547591,0.17628473615,0.1543547348,0.1058447348,0.09394473615,0.0836247348,0.0750447402,0.0692847672,0.0607450237,0.0648948104
model,0.00195005368360308,0.00195005368360308,0.00195005368360308,0.00195005939740859,0.00195006016877234,0.00195005939740859,0.00195005939740859,0.00195005939740859,0.00195005939740859,0.00195005368360308,0.00195005368360308,0.00195005368360308,0.00195005368360308,0.00195005368360308,0.00195005368360308,0.00195005368360308,0.00195005368360308,0.00195005368360308,0.00195005368360308,0.00195005368360308,0.00195005368360308,0.0019500651112141,0.00195005368360308,0.00195005368360308,0.00195005368360308,0.00195005368360308,0.00195012224926921,0.00195009939404717,0.00195032794626759,0.00195378479860144,0.00196524097864999,0.00199139306647155,0.00199918669718787,0.0020270072162185,0.00204898251221189,0.00209586428642554,0.0021272167086254,0.00226081196663016,0.00226559442184244,0.002344937096525,0.00255294401505674,0.00255295250005793,0.00372023322717619,0.00657787009215839,0.0221199768054435,0.0727716961826348,0.126845437392358,0.140386896902628,0.235827100562123,0.243163249355044,0.30064368120006,0.339649526356827,0.296313582713336,0.152084275565907,0.20559301283153,0.257166609874467,0.284713380483085,0.180892385882385,0.103568558673246,0.0136533868178805,0.00526804783033342,0.0044618801542903,0.0052060610398722,0.00197186167937112,0.00196987927454925,0.00197479054750677,0.0019910007565852,0.00202293290149216,0.00217382553434982,0.0039246407339266,0.0283716955653915,0.159818716970946,0.296569944025176,0.352081907219947,0.366527293190346,0.362448196008789,0.353234376077609,0.345879388496522,0.309069224980115,0.269871919228504,0.3191834892355,0.418337161804948,0.502446227049907,0.518318,0.399993425776796,0.348478328103127,0.331138760710478,0.261335490824637,0.182753205836862,0.136808376165548,0.129791811428198,0.100725669683098,0.0881952934272071,0.0604776228957696,0.0536781951096378,0.0477815470514376,0.0428791050088832,0.0395879684621099,0.0347085251152539,0.03707963252664
tlm07,0.089412,0.09922,0.089634,0.091111,0.092321,0.092806,0.10315,0.095602,0.091034,0.094703,0.108457,0.10875,0.095378,0.103948,0.102486,0.100857,0.107703,0.111696,0.113341,0.126169,0.136668,0.133822,0.131687,0.139921,0.121843,0.131351,0.123933,0.122057,0.125887,0.12231,0.126724,0.12751,0.135012,0.15285,0.182907,0.179044,0.168624,0.150926,0.128393,0.124862,0.142247,0.144418,0.162584,0.189302,0.212746,0.236081,0.276491,0.361668,0.529587,0.677806,0.634219,0.470035,0.335941,0.259338,0.278573,0.315007,0.326057,0.276406,0.212147,0.17766,0.162559,0.156065,0.143053,0.14227,0.148783,0.153583,0.16622,0.185985,0.186672,0.183902,0.226118,0.300737,0.375903,0.366971,0.340563,0.313026,0.290079,0.239493,0.234706,0.301874,0.431492,0.57364,0.709523,0.896833,0.925155,0.855494,0.766694,0.618379,0.545879,0.41736,0.312526,0.218115,0.165619,0.134948,0.117543,0.101691,0.089268,0.06741,0.079451,0.089342
segment-1,0.04411,0.04411,0.04411,0.04411,0.04411,0.04411,0.04411,0.04411,0.04411,0.04411,0.04411,0.04411,0.04411,0.04411,0.04411,0.04411,0.04411,0.04411,0.04411,0.04411,0.04411,0.04411,0.04411,0.04411,0.04411,0.04411,0.04411,0.04411,0.04411,0.04411,0.04413,0.04422,0.04445,0.04452,0.04477,0.04498,0.04543,0.04574,0.04694,0.04694,0.04743,0.04797,0.05118,0.05538,0.07924,0.16828,0.29446,0.35896,0.43671,0.4559,0.46072,0.48468,0.33433,0.0513,0.04425,0.04411,0.04411,0.04411,0.04411,0.04411,0.04411,0.04411,0.04411,0.04411,0.04411,0.04411,0.04411,0.04411,0.04411,0.04411,0.04411,0.04411,0.04411,0.04412,0.04425,0.04657,0.06184,0.14083,0.22563,0.35153,0.42124,0.52183,0.59899,0.60936,0.57907,0.45691,0.31938,0.23897,0.22669,0.17582,0.15389,0.10538,0.09348,0.08316,0.07458,0.06882,0.06028,0.06443,0.07148,0.04995
segment-2,0.00333,0.00333,0.00333,0.00333,0.00333,0.00333,0.00333,0.00333,0.00333,0.00333,0.00333,0.00333,0.00333,0.00333,0.00333,0.00333,0.00333,0.00333,0.00333,0.00333,0.00333,0.00333,0.00333,0.00333,0.00333,0.00333,0.00333,0.00333,0.00333,0.00333,0.00333,0.00333,0.00333,0.00333,0.00333,0.00333,0.00333,0.00333,0.00333,0.00333,0.00333,0.00333,0.00333,0.00333,0.00339,0.00387,0.00573,0.03766,0.04917,0.0926,0.10683,0.13256,0.14583,0.15293,0.16957,0.17718,0.14298,0.10179,0.05574,0.01015,0.00468,0.00392,0.0037,0.00336,0.00334,0.00334,0.00334,0.00335,0.00341,0.00409,0.00965,0.04259,0.12067,0.20901,0.24796,0.21993,0.14626,0.09875,0.04152,0.016,0.00831,0.00519,0.00434,0.00396,0.00368,0.00349,0.00341,0.00338,0.00337,0.00336,0.00336,0.00335,0.00336,0.00337,0.00337,0.00337,0.00336,0.00336,0.00337,0.00334
sum,0.04744,0.04744,0.04744,0.04744,0.04744,0.04744,0.04744,0.04744,0.04744,0.04744,0.04744,0.04744,0.04744,0.04744,0.04744,0.04744,0.04744,0.04744,0.04744,0.04744,0.04744,0.04744,0.04744,0.04744,0.04744,0.04744,0.04744,0.04744,0.04744,0.04744,0.04746,0.04755,0.04778,0.04785,0.0481,0.04831,0.04876,0.04907,0.05027,0.05027,0.05076,0.0513,0.05451,0.05871,0.08263,0.17215,0.30019,0.39662,0.48588,0.5485,0.56755,0.61724,0.48016,0.20423,0.21382,0.22129,0.18709,0.1459,0.09985,0.05426,0.04879,0.04803,0.04781,0.04747,0.04745,0.04745,0.04745,0.04746,0.04752,0.0482,0.05376,0.0867,0.16478,0.25313,0.29221,0.2665,0.2081,0.23958,0.26715,0.36753,0.42955,0.52702,0.60333,0.61332,0.58275,0.4604,0.32279,0.24235,0.23006,0.17918,0.15725,0.10873,0.09684,0.08653,0.07795,0.07219,0.06364,0.06779,0.07485,0.05329
model,0.0711058149180222,0.0711058149180222,0.0711058149180222,0.0711058149180222,0.0711058149180222,0.0711058149180222,0.0711058149180222,0.0711058149180222,0.0711058149180222,0.0711058149180222,0.0711058149180222,0.0711058149180222,0.0711058149180222,0.0711058149180222,0.0711058149180222,0.0711058149180222,0.0711058149180222,0.0711058149180222,0.0711058149180222,0.0711058149180222,0.0711058149180222,0.0711058149180222,0.0711058149180222,0.0711058149180222,0.0711058149180222,0.0711058149180222,0.0711058149180222,0.0711058149180222,0.0711058149180222,0.0711058149180222,0.0711357920743957,0.0712706892780766,0.0716154265763722,0.0717203466236796,0.0720950610783488,0.0724098212202709,0.0730843072386754,0.0735489531624652,0.0753475825448772,0.0753475825448772,0.0760820228760288,0.0768914060981142,0.0817027396960664,0.0879979425345084,0.123850621557255,0.258028373485192,0.449942128588555,0.594476988043549,0.72826503693863,0.822123513544164,0.850676754989955,0.925155,0.719691570215799,0.30611173230834,0.32048577878945,0.331682246694965,0.280421309296222,0.218683355744929,0.149660953194867,0.0813280252413972,0.0731292729732357,0.0719901410310414,0.0716603923109325,0.0711507806525825,0.0711208034962089,0.0711208034962089,0.0711208034962089,0.0711357920743957,0.0712257235435163,0.0722449468602164,0.0805785963320588,0.129950972879269,0.246981791361545,0.37940587964163,0.437981243195516,0.399445608677338,0.311912312066619,0.359096356198561,0.400419866259478,0.550875214098244,0.643834376012572,0.789928047598989,0.904305887742207,0.919279477350787,0.873459393833841,0.690074139718748,0.483816315290649,0.363248192356296,0.344827229764759,0.268565343950489,0.235695391986909,0.162970810624716,0.145149391160651,0.129696167050094,0.116835966965848,0.10820254593027,0.0953873115805845,0.101607571528093,0.11218950772795,0.0798741331572808
tlm11,0.014569,0.014998,0.015047,0.013844,0.013161,0.013341,0.013283,0.014878,0.015177,0.017214,0.017658,0.017602,0.016936,0.015659,0.016175,0.016987,0.017357,0.016712,0.016396,0.016133,0.01749,0.01751,0.01777,0.017186,0.016751,0.016141,0.016141,0.014659,0.012831,0.011774,0.010748,0.010613,0.00968,0.00937,0.009691,0.009652,0.009644,0.009919,0.009609,0.010174,0.010065,0.009845,0.010585,0.012265,0.013166,0.015199,0.023615,0.064663,0.150667,0.209017,0.174692,0.100841,0.05186,0.04303,0.064354,0.09979,0.11621,0.095668,0.059706,0.031475,0.018999,0.014666,0.012591,0.010883,0.0098,0.009668,0.010276,0.011557,0.012813,0.019495,0.049652,0.118732,0.211368,0.266254,0.26149,0.213707,0.16621,0.08036,0.0599,0.073883,0.128047,0.188195,0.220484,0.224757,0.209534,0.17927,0.131455,0.079586,0.061052,0.042166,0.028917,0.019879,0.01517,0.009616,0.006299,0.00605,0.005562,0.0038,0.00344,0.003334
segment-1,0.00294815,0.00294815,0.00294815,0.00294816,0.00294816,0.00294816,0.00294816,0.00294816,0.00294816,0.00294815,0.00294815,0.00294815,0.00294815,0.00294815,0.00294815,0.00294815,0.00294815,0.00294815,0.00294815,0.00294815,0.00294815,0.00294817,0.00294815,0.00294815,0.00294815,0.00294815,0.00294827,0.00294823,0.00294863,0.00295468,0.00297473,0.0030205,0.00303414,0.00308283,0.00312129,0.00320334,0.00325821,0.00349202,0.00350039,0.00363925,0.00400329,0.00400329,0.00604618,0.0110474,0.038248,0.126895,0.221532,0.34523,0.412232,0.475058,0.525058,0.588176,0.385022,0.0137212,0.00309266,0.00295129,0.00294829,0.00294818,0.00294816,0.00294816,0.00294815,0.00294815,0.00294815,0.00294815,0.00294815,0.00294815,0.00294815,0.00294815,0.00294815,0.00294815,0.00294815,0.00294816,0.00294817,0.00294817,0.00294827,0.0029494,0.00298606,0.0044737,0.0205402,0.13658,0.410897,0.695208,0.867931,0.963206,0.955966,0.874461,0.705695,0.510314,0.444087,0.254762,0.205146,0.0712256,0.0515202,0.0399735,0.0353636,0.0202329,0.0130753,0.0257378,0.0590377,0.00554223
segment-2,0.000344245,0.000344245,0.000344245,0.000344245,0.000344246,0.000344245,0.000344245,0.000344245,0.000344245,0.000344245,0.000344245,0.000344245,0.000344245,0.000344245,0.000344245,0.000344245,0.000344245,0.000344245,0.000344245,0.000344245,0.000344245,0.000344245,0.000344245,0.000344245,0.000344245,0.000344245,0.000344245,0.000344245,0.000344245,0.000344245,0.000344245,0.000344245,0.000344245,0.000344245,0.000344245,0.000344245,0.000344246,0.000344247,0.000344247,0.000344248,0.00034425,0.000344261,0.000344278,0.000344326,0.000344602,0.000345312,0.000345312,0.000346457,0.000370452,0.000380333,0.000824192,0.0046375,0.098941,0.186999,0.264241,0.331206,0.36692,0.232326,0.132083,0.0155165,0.00464571,0.00360059,0.00456535,0.000372517,0.000369947,0.000376314,0.000397329,0.000438726,0.000634344,0.00290411,0.0345974,0.205006,0.382291,0.454257,0.472984,0.467695,0.455723,0.445086,0.385464,0.248693,0.109423,0.0273656,0.00846207,0.00290869,0.000783203,0.000391353,0.000349284,0.000344848,0.000344436,0.000344281,0.000344266,0.000344249,0.000344248,0.000344248,0.000344249,0.000344248,0.000344252,0.000344272,0.000344462,0.000344304
sum,0.003292395,0.003292395,0.003292395,0.003292405,0.003292406,0.003292405,0.003292405,0.003292405,0.003292405,0.003292395,0.003292395,0.003292395,0.003292395,0.003292395,0.003292395,0.003292395,0.003292395,0.003292395,0.003292395,0.003292395,0.003292395,0.003292415,0.003292395,0.003292395,0.003292395,0.003292395,0.003292515,0.003292475,0.003292875,0.003298925,0.003318975,0.003364745,0.003378385,0.003427075,0.003465535,0.003547585,0.003602456,0.003836267,0.003844637,0.003983498,0.00434754,0.004347551,0.006390458,0.011391726,0.038592602,0.127240312,0.221877312,0.345576457,0.412602452,0.475438333,0.525882192,0.5928135,0.483963,0.2007202,0.26733366,0.33415729,0.36986829,0.23527418,0.13503116,0.01846466,0.00759386,0.00654874,0.0075135,0.003320667,0.003318097,0.003324464,0.003345479,0.003386876,0.003582494,0.00585226,0.03754555,0.20795416,0.38523917,0.45720517,0.47593227,0.4706444,0.45870906,0.4495597,0.4060042,0.385273,0.52032,0.7225736,0.87639307,0.96611469,0.956749203,0.874852353,0.706044284,0.510658848,0.444431436,0.255106281,0.205490266,0.071569849,0.051864448,0.040317748,0.035707849,0.020577148,0.013419552,0.026082072,0.059382162,0.005886534
model,0.000907359496138083,0.000907359496138083,0.000907359496138083,0.000907362252063469,0.000907362527656007,0.000907362252063469,0.000907362252063469,0.000907362252063469,0.000907362252063469,0.000907359496138083,0.000907359496138083,0.000907359496138083,0.000907359496138083,0.000907359496138083,0.000907359496138083,0.000907359496138083,0.000907359496138083,0.000907359496138083,0.000907359496138083,0.000907359496138083,0.000907359496138083,0.000907365007988855,0.000907359496138083,0.000907359496138083,0.000907359496138083,0.000907359496138083,0.000907392567242715,0.000907381543541171,0.000907491780556613,0.000909159115415169,0.000914684745814185,0.000927298616306103,0.000931057698532666,0.000944476299237309,0.00095507558827203,0.000977687956064512,0.000992809994250269,0.00105724656129388,0.00105955327084199,0.00109782232634513,0.00119814958528371,0.00119815261680163,0.00176116254306412,0.00313947468742453,0.0106358331565251,0.0350664805968823,0.0611477316727769,0.0952382930665074,0.113710157181036,0.131027257141263,0.14492920830007,0.163374977383896,0.13337659176055,0.0553169894671615,0.0736751620137771,0.0920912558442311,0.101932940990329,0.0648398085342435,0.0372135801750825,0.00508872252386515,0.0020928111552056,0.00180478388125948,0.00207066453880336,0.000915151048389503,0.00091444277556529,0.000916197473258584,0.000921989050457353,0.000933397754777955,0.00098730861599465,0.00161283918997236,0.0103472734377944,0.0573106148677234,0.106169040830111,0.126002333463308,0.131163382493004,0.129706084975895,0.126416794326189,0.123895298977185,0.111891728162005,0.106178364125692,0.143396309686586,0.199135892752443,0.24152739097651,0.266254,0.263672941662404,0.241102780867209,0.194580536594611,0.140733768281064,0.122481987682792,0.0703053875946902,0.0566315840654115,0.019724116373436,0.0142934548876304,0.0111112705221282,0.00984081675400878,0.00567090845455626,0.00369832840261232,0.00718802443453996,0.0163652807733914,0.00162228484864049
tlm18,0.007556,0.010001,0.012826,0.013858,0.013836,0.012881,0.015882,0.016744,0.019407,0.019891,0.022058,0.023155,0.02264,0.023854,0.025261,0.02634,0.026297,0.025166,0.027543,0.026721,0.027941,0.028804,0.028676,0.027224,0.025161,0.025489,0.02301,0.021392,0.021694,0.021613,0.021581,0.020017,0.018698,0.019664,0.021358,0.021743,0.021094,0.021366,0.021469,0.023052,0.023833,0.023751,0.02453,0.026829,0.030147,0.032611,0.03957,0.060587,0.102139,0.154807,0.158956,0.128089,0.102738,0.110872,0.168005,0.240142,0.257975,0.197063,0.134224,0.092753,0.069106,0.062661,0.052908,0.044693,0.039157,0.035659,0.032379,0.033994,0.040939,0.08249,0.150991,0.273663,0.357386,0.465667,0.50383,0.488463,0.44138,0.331248,0.292353,0.227805,0.201876,0.179641,0.169031,0.147526,0.135114,0.118779,0.103562,0.085965,0.071071,0.054254,0.038546,0.031325,0.026558,0.020919,0.018464,0.016493,0.015048,0.01189,0.011481,0.010295
segment-1,0.00013,0.00013,0.00013,0.00013,0.00013,0.00013,0.00013,0.00013,0.00013,0.00013,0.00013,0.00013,0.00013,0.00013,0.00013,0.00013,0.00013,0.00013,0.00013,0.00013,0.00013,0.00013,0.00013,0.00013,0.00013,0.00013,0.00013,0.00013,0.00013,0.00014,0.00014,0.00014,0.00014,0.00014,0.00014,0.00014,0.00015,0.00019,0.00021,0.00034,0.001,0.0043,0.00968,0.01548,0.01907,0.0203,0.01866,0.02415,0.02096,0.02259,0.02335,0.03304,0.01799,0.00092,0.00014,0.00014,0.00013,0.00013,0.00013,0.00013,0.00013,0.00013,0.00013,0.00013,0.00013,0.00013,0.00013,0.00013,0.00013,0.00013,0.00013,0.00014,0.00015,0.00049,0.00712,0.03818,0.10236,0.14266,0.15582,0.15896,0.15687,0.15341,0.15152,0.14921,0.14158,0.1267,0.11238,0.09468,0.08378,0.06495,0.05595,0.03792,0.02973,0.02251,0.01604,0.0123,0.00642,0.00671,0.00657,0.00086
segment-2,0.00176,0.00176,0.00176,0.00176,0.00176,0.00176,0.00176,0.00176,0.00176,0.00176,0.00176,0.00176,0.00176,0.00176,0.00176,0.00176,0.00176,0.00176,0.00176,0.00176,0.00176,0.00176,0.00176,0.00176,0.00176,0.00176,0.00176,0.00176,0.00176,0.00176,0.00176,0.00176,0.00176,0.00176,0.00176,0.00176,0.00176,0.00176,0.00176,0.00176,0.00177,0.00177,0.00177,0.00178,0.00182,0.00196,0.0035,0.00883,0.01843,0.07847,0.09168,0.13699,0.15381,0.19376,0.21413,0.21805,0.22954,0.23811,0.25791,0.16104,0.08376,0.06184,0.05283,0.02343,0.01814,0.01298,0.01213,0.0117,0.02376,0.07216,0.17812,0.30568,0.39952,0.46899,0.50383,0.45718,0.34804,0.2916,0.18175,0.10267,0.06196,0.03312,0.02216,0.01532,0.01048,0.00687,0.00549,0.00452,0.00429,0.00371,0.0038,0.0037,0.00404,0.00416,0.00396,0.00407,0.00326,0.00307,0.0029,0.00205
sum,0.00189,0.00189,0.00189,0.00189,0.00189,0.00189,0.00189,0.00189,0.00189,0.00189,0.00189,0.00189,0.00189,0.00189,0.00189,0.00189,0.00189,0.00189,0.00189,0.00189,0.00189,0.00189,0.00189,0.00189,0.00189,0.00189,0.00189,0.00189,0.00189,0.0019,0.0019,0.0019,0.0019,0.0019,0.0019,0.0019,0.00191,0.00195,0.00197,0.0021,0.00277,0.00607,0.01145,0.01726,0.02089,0.02226,0.02216,0.03298,0.03939,0.10106,0.11503,0.17003,0.1718,0.19468,0.21427,0.21819,0.22967,0.23824,0.25804,0.16117,0.08389,0.06197,0.05296,0.02356,0.01827,0.01311,0.01226,0.01183,0.02389,0.07229,0.17825,0.30582,0.39967,0.46948,0.51095,0.49536,0.4504,0.43426,0.33757,0.26163,0.21883,0.18653,0.17368,0.16453,0.15206,0.13357,0.11787,0.0992,0.08807,0.06866,0.05975,0.04162,0.03377,0.02667,0.02,0.01637,0.00968,0.00978,0.00947,0.00291
model,0.00186366317643605,0.00186366317643605,0.00186366317643605,0.00186366317643605,0.00186366317643605,0.00186366317643605,0.00186366317643605,0.00186366317643605,0.00186366317643605,0.00186366317643605,0.00186366317643605,0.00186366317643605,0.00186366317643605,0.00186366317643605,0.00186366317643605,0.00186366317643605,0.00186366317643605,0.00186366317643605,0.00186366317643605,0.00186366317643605,0.00186366317643605,0.00186366317643605,0.00186366317643605,0.00186366317643605,0.00186366317643605,0.00186366317643605,0.00186366317643605,0.00186366317643605,0.00186366317643605,0.00187352382816323,0.00187352382816323,0.00187352382816323,0.00187352382816323,0.00187352382816323,0.00187352382816323,0.00187352382816323,0.0018833844798904,0.0019228270867991,0.00194254839025345,0.00207073686270672,0.00273140052842744,0.00598541559839515,0.0112904462276152,0.0170194848811038,0.0205989014580683,0.0219498107446913,0.0218512042274195,0.0325204293962227,0.0388411071533418,0.0996517463548292,0.113427076817693,0.167660661317154,0.169405996672864,0.19196716782464,0.211284184558176,0.215149560035228,0.226469588218025,0.234920166748214,0.25444425716802,0.158924123886877,0.08272100733927,0.0611064587533027,0.0522220115471181,0.023231695469224,0.0180154107055485,0.0129273144143263,0.0120891590175164,0.0116651509932479,0.0235570969762208,0.0712826513357471,0.175766117036892,0.301558451120462,0.394100667579998,0.462937877287406,0.50383,0.488457243957334,0.444123753791956,0.428208661904296,0.332866020354242,0.257984231138076,0.215780641745768,0.183930736666993,0.171259799197573,0.162237302867208,0.149941070163421,0.131708725119875,0.11622750190821,0.0978176651335747,0.0868427597612291,0.0677032347587827,0.0589173940698698,0.0410400324885018,0.0332994208826695,0.0262983581563754,0.0197213034543497,0.0161418868773853,0.00954511087190527,0.00964371738917702,0.0093380371856346,0.00286944965260789
tlm19,0.012798,0.012477,0.011276,0.013612,0.01636,0.017903,0.017832,0.015157,0.014233,0.01326,0.01481,0.016966,0.014608,0.010567,0.01146,0.014732,0.017177,0.020631,0.022439,0.019109,0.021514,0.02435,0.026724,0.028187,0.029254,0.026598,0.026175,0.025774,0.024941,0.025346,0.026331,0.028778,0.034755,0.042636,0.045366,0.043104,0.038293,0.037066,0.036541,0.033467,0.033275,0.037145,0.047898,0.061709,0.076053,0.107133,0.17887,0.324417,0.494101,0.571518,0.483825,0.342626,0.214176,0.13128,0.117162,0.133595,0.137367,0.115422,0.084851,0.066969,0.054848,0.048856,0.046277,0.043058,0.041945,0.043942,0.047157,0.053297,0.056595,0.063949,0.080111,0.132843,0.208628,0.267553,0.269366,0.249576,0.232739,0.159284,0.156793,0.22484,0.347136,0.467829,0.523966,0.548124,0.522898,0.477688,0.434054,0.348903,0.290176,0.216541,0.144285,0.099259,0.066624,0.043263,0.030854,0.02677,0.022654,0.018617,0.019869,0.019172
segment-1,0.01689,0.01689,0.01689,0.01689,0.01689,0.01689,0.01689,0.01689,0.01689,0.01689,0.01689,0.01689,0.01689,0.01689,0.01689,0.01689,0.01689,0.01689,0.01689,0.01689,0.01689,0.01689,0.01689,0.01689,0.01689,0.01689,0.01689,0.01689,0.0169,0.01693,0.01702,0.01727,0.01734,0.01764,0.0179,0.01845,0.01882,0.02016,0.02017,0.02068,0.0215,0.02554,0.03495,0.08255,0.19012,0.25256,0.25957,0.32295,0.34821,0.3557,0.36333,0.30805,0.16211,0.06096,0.01782,0.01692,0.01689,0.01689,0.01689,0.01689,0.01689,0.01689,0.01689,0.01689,0.01689,0.01689,0.01689,0.01689,0.01689,0.01689,0.01689,0.01689,0.0169,0.01694,0.01741,0.02046,0.03949,0.10133,0.23228,0.33425,0.3908,0.45399,0.48588,0.57337,0.56808,0.50719,0.41244,0.3269,0.3024,0.21776,0.18343,0.10541,0.08236,0.06419,0.05026,0.04138,0.03068,0.03392,0.03857,0.02053
segment-2,0.00047,0.00047,0.00047,0.00047,0.00047,0.00047,0.00047,0.00047,0.00047,0.00047,0.00047,0.00047,0.00047,0.00047,0.00047,0.00047,0.00047,0.00047,0.00047,0.00047,0.00047,0.00047,0.00047,0.00047,0.00047,0.00047,0.00047,0.00047,0.00047,0.00047,0.00047,0.00047,0.00047,0.00047,0.00047,0.00047,0.00047,0.00047,0.00047,0.00047,0.00047,0.00047,0.00048,0.00048,0.0005,0.0009,0.004,0.14501,0.17954,0.2232,0.22985,0.24343,0.24881,0.25177,0.25611,0.25794,0.24473,0.17881,0.07681,0.00492,0.00116,0.00076,0.00068,0.00049,0.00048,0.00049,0.0005,0.00055,0.00136,0.0295,0.20327,0.25655,0.26378,0.26727,0.26928,0.26912,0.26908,0.26937,0.26847,0.26714,0.26213,0.23649,0.18253,0.11021,0.03899,0.00749,0.00192,0.00079,0.00063,0.00052,0.00051,0.00048,0.00048,0.00048,0.00048,0.00048,0.00048,0.00048,0.00048,0.00048
sum,0.01736,0.01736,0.01736,0.01736,0.01736,0.01736,0.01736,0.01736,0.01736,0.01736,0.01736,0.01736,0.01736,0.01736,0.01736,0.01736,0.01736,0.01736,0.01736,0.01736,0.01736,0.01736,0.01736,0.01736,0.01736,0.01736,0.01736,0.01736,0.01737,0.0174,0.01749,0.01774,0.01781,0.01811,0.01837,0.01892,0.01929,0.02063,0.02064,0.02115,0.02197,0.02601,0.03543,0.08303,0.19062,0.25346,0.26357,0.46796,0.52775,0.5789,0.59318,0.55148,0.41092,0.31273,0.27393,0.27486,0.26162,0.1957,0.0937,0.02181,0.01805,0.01765,0.01757,0.01738,0.01737,0.01738,0.01739,0.01744,0.01825,0.04639,0.22016,0.27344,0.28068,0.28421,0.28669,0.28958,0.30857,0.3707,0.50075,0.60139,0.65293,0.69048,0.66841,0.68358,0.60707,0.51468,0.41436,0.32769,0.30303,0.21828,0.18394,0.10589,0.08284,0.06467,0.05074,0.04186,0.03116,0.0344,0.03905,0.02101
model,0.0143690656934307,0.0143690656934307,0.0143690656934307,0.0143690656934307,0.0143690656934307,0.0143690656934307,0.0143690656934307,0.0143690656934307,0.0143690656934307,0.0143690656934307,0.0143690656934307,0.0143690656934307,0.0143690656934307,0.0143690656934307,0.0143690656934307,0.0143690656934307,0.0143690656934307,0.0143690656934307,0.0143690656934307,0.0143690656934307,0.0143690656934307,0.0143690656934307,0.0143690656934307,0.0143690656934307,0.0143690656934307,0.0143690656934307,0.0143690656934307,0.0143690656934307,0.0143773428050052,0.0144021741397289,0.0144766681438999,0.0146835959332638,0.0147415357142857,0.0149898490615224,0.0152050539624609,0.0156602950990615,0.0159665482273201,0.0170756811783107,0.0170839582898853,0.0175060909801877,0.0181848141293014,0.0215287672054223,0.0293258063086549,0.0687248574035454,0.157778300834202,0.209791669968717,0.218159829770594,0.387335713242961,0.436824563347237,0.479161989051095,0.490981704379562,0.45646614911366,0.340123068821689,0.258850110271116,0.226734917361835,0.227504688738269,0.216545793013556,0.161983073514077,0.0775565354535975,0.0180523803441084,0.0149401863920751,0.0146091019290928,0.0145428850364963,0.0143856199165798,0.0143773428050052,0.0143856199165798,0.0143938970281543,0.0144352825860271,0.0151057286235662,0.0383975205943691,0.182228888425443,0.226329338894682,0.232321967674661,0.23524378806048,0.23729651173097,0.239688596976017,0.2554068318561,0.306832526068822,0.414476362095933,0.497777212982273,0.540437446037539,0.571518,0.553250414754953,0.565806793013556,0.502478612356622,0.426006378519291,0.342970395203337,0.271232669186653,0.250821312043796,0.180672791449426,0.152249190302398,0.0876463344629823,0.0685675922836288,0.053528080552659,0.0419980641293014,0.0346479890510949,0.0257914796663191,0.0284732638164755,0.0323221206986444,0.0173902114181439
tlm20,0.006249,0.008134,0.009567,0.011295,0.011361,0.011079,0.015659,0.017599,0.018529,0.019468,0.021893,0.019331,0.02127,0.021699,0.023279,0.023897,0.026411,0.026241,0.025565,0.027022,0.025575,0.026023,0.029657,0.029734,0.030651,0.02973,0.026934,0.026615,0.023896,0.023293,0.024683,0.025492,0.028676,0.032141,0.034421,0.035318,0.031343,0.02606,0.023214,0.02324,0.024651,0.027081,0.031944,0.038181,0.044265,0.055806,0.088207,0.197648,0.346278,0.395151,0.347783,0.259361,0.170335,0.130904,0.175878,0.264898,0.309164,0.24837,0.156805,0.102264,0.074697,0.054779,0.041152,0.036141,0.033204,0.032924,0.03629,0.041848,0.047002,0.061244,0.118553,0.239724,0.360902,0.464133,0.495657,0.436322,0.369078,0.236728,0.189685,0.207679,0.308283,0.446809,0.564473,0.648771,0.636428,0.560809,0.481295,0.347712,0.267594,0.181364,0.112206,0.072176,0.047842,0.033386,0.022801,0.018816,0.018739,0.013947,0.012809,0.012391
segment-1,0.00294815,0.00294815,0.00294815,0.00294816,0.00294816,0.00294816,0.00294816,0.00294816,0.00294816,0.00294815,0.00294815,0.00294815,0.00294815,0.00294815,0.00294815,0.00294815,0.00294815,0.00294815,0.00294815,0.00294815,0.00294815,0.00294817,0.00294815,0.00294815,0.00294815,0.00294815,0.00294827,0.00294823,0.00294863,0.00295468,0.00297473,0.0030205,0.00303414,0.00308283,0.00312129,0.00320334,0.00325821,0.00349202,0.00350039,0.00363925,0.00400329,0.00400329,0.00604618,0.0110474,0.038248,0.126895,0.221532,0.24523,0.412232,0.425058,0.525058,0.588176,0.385022,0.0137212,0.00309266,0.00295129,0.00294829,0.00294818,0.00294816,0.00294816,0.00294815,0.00294815,0.00294815,0.00294815,0.00294815,0.00294815,0.00294815,0.00294815,0.00294815,0.00294815,0.00294815,0.00294816,0.00294817,0.00294817,0.00294827,0.0029494,0.00298606,0.0044737,0.0205402,0.13658,0.410897,0.695208,0.867931,0.903206,0.69899,0.60936,0.57907,0.45691,0.31938,0.23897,0.22669,0.17582,0.15389,0.10538,0.09348,0.08316,0.07458,0.06882,0.06028,0.06443
segment-2,0.00046473075,0.00046473075,0.00046473075,0.00046473075,0.0004647321,0.00046473075,0.00046473075,0.00046473075,0.00046473075,0.00046473075,0.00046473075,0.00046473075,0.00046473075,0.00046473075,0.00046473075,0.00046473075,0.00046473075,0.00046473075,0.00046473075,0.00046473075,0.00046473075,0.00046473075,0.00046473075,0.00046473075,0.00046473075,0.00046473075,0.00046473075,0.00046473075,0.00046473075,0.00046473075,0.00046473075,0.00046473075,0.00046473075,0.00046473075,0.00046473075,0.00046473075,0.0004647321,0.00046473345,0.00046473345,0.0004647348,0.0004647375,0.00046475235,0.0004647753,0.0004648401,0.0004652127,0.0004661712,0.0004661712,0.00046771695,0.0005001102,0.00051344955,0.0011126592,0.006260625,0.13357035,0.25244865,0.35672535,0.4471281,0.495342,0.3136401,0.17831205,0.020947275,0.0062717085,0.0048607965,0.0061632225,0.00050289795,0.00049942845,0.0005080239,0.00053639415,0.0005922801,0.0008563644,0.0039205485,0.04670649,0.2767581,0.51609285,0.61324695,0.6385284,0.63138825,0.61522605,0.6008661,0.5203764,0.33573555,0.14772105,0.03694356,0.0114237945,0.0039267315,0.00105732405,0.00052832655,0.0004715334,0.0004655448,0.0004649886,0.00046477935,0.0004647591,0.00046473615,0.0004647348,0.0004647348,0.00046473615,0.0004647348,0.0004647402,0.0004647672,0.0004650237,0.0004648104
sum,0.00341288075,0.00341288075,0.00341288075,0.00341289075,0.0034128921,0.00341289075,0.00341289075,0.00341289075,0.00341289075,0.00341288075,0.00341288075,0.00341288075,0.00341288075,0.00341288075,0.00341288075,0.00341288075,0.00341288075,0.00341288075,0.00341288075,0.00341288075,0.00341288075,0.00341290075,0.00341288075,0.00341288075,0.00341288075,0.00341288075,0.00341300075,0.00341296075,0.00341336075,0.00341941075,0.00343946075,0.00348523075,0.00349887075,0.00354756075,0.00358602075,0.00366807075,0.0037229421,0.00395675345,0.00396512345,0.0041039848,0.0044680275,0.00446804235,0.0065109553,0.0115122401,0.0387132127,0.1273611712,0.2219981712,0.24569771695,0.4127321102,0.42557144955,0.5261706592,0.594436625,0.51859235,0.26616985,0.35981801,0.45007939,0.49829029,0.31658828,0.18126021,0.023895435,0.0092198585,0.0078089465,0.0091113725,0.00345104795,0.00344757845,0.0034561739,0.00348454415,0.0035404301,0.0038045144,0.0068686985,0.04965464,0.27970626,0.51904102,0.61619512,0.64147667,0.63433765,0.61821211,0.6053398,0.5409166,0.47231555,0.55861805,0.73215156,0.8793547945,0.9071327315,0.70004732405,0.60988832655,0.5795415334,0.4573755448,0.3198449886,0.23943477935,0.2271547591,0.17628473615,0.1543547348,0.1058447348,0.09394473615,0.0836247348,0.0750447402,0.0692847672,0.0607450237,0.0648948104
model,0.00244085344974486,0.00244085344974486,0.00244085344974486,0.00244086060163099,0.00244086156713561,0.00244086060163099,0.00244086060163099,0.00244086060163099,0.00244086060163099,0.00244085344974486,0.00244085344974486,0.00244085344974486,0.00244085344974486,0.00244085344974486,0.00244085344974486,0.00244085344974486,0.00244085344974486,0.00244085344974486,0.00244085344974486,0.00244085344974486,0.00244085344974486,0.00244086775351712,0.00244085344974486,0.00244085344974486,0.00244085344974486,0.00244085344974486,0.00244093927237841,0.00244091066483389,0.00244119674027907,0.0024455236313874,0.00245986316307698,0.00249259734589155,0.00250235251857214,0.00253717505213651,0.00256468120619044,0.00262336243188272,0.00266260579657973,0.00282982501167741,0.00283581114036778,0.00293512319666618,0.00319548239033253,0.00319549301088344,0.0046565610899647,0.00823342302902792,0.027687248893622,0.0910872593737901,0.158770564137223,0.175720209389632,0.295181305412486,0.304363854713364,0.376311263926478,0.425134305318444,0.370891343481249,0.190361645829721,0.257337743485128,0.321891654649979,0.356371541349889,0.226420332848369,0.12963523817232,0.0170897430134071,0.00659393781217947,0.00558486961590968,0.00651634986031534,0.00246815019657291,0.0024656688496803,0.00247181621764345,0.0024921062973899,0.00253207529245361,0.00272094537667159,0.0049124149529638,0.0355124331079657,0.200042732121898,0.37121222715622,0.440695733177301,0.458776809854942,0.453671064043344,0.442138261457728,0.432932131923409,0.386857392873823,0.337794703077639,0.399517268346468,0.523626458663133,0.62890453576645,0.648771,0.500665874684341,0.436185186317654,0.414481505417326,0.327109781481235,0.228749493754774,0.171241027734516,0.162458497084962,0.126076835930786,0.110392748683362,0.0756989490693191,0.0671882055407585,0.0598074580896443,0.0536711436525805,0.0495516765521003,0.043444149243415,0.0464120294374125